[
	{
	"id": "$timessquare.01.light_00",
	"type": "animation",
	"frames": [{"bmp":"timessquare_01_light.png"}],
	"light": true,
	"light switching": true
	},
	{
	"id": "$timessquare.01.billb_00",
	"type": "animation",
	"frames": [{"bmp":"timessquare_01_billb.png","w":55,"h":18,"count":6}],
	"handle interpolation": 5,
	"light": true
	},
	{
	"id": "$timessquare.01_00",
	"title": "01",
	"type": "commercial",
	"author": "JohnSallow",
	"width": 4,
	"height": 4,
	"frames": [{"bmp":"timessquare_01.png"}],
	"animation": [{"id":"$timessquare.01.light_00","x":0,"y":-157},{"id":"$timessquare.01.billb_00","x":53,"y":-10}],
	"level": 3
	}
]