[{"capacity":378,"fly height":230,"frames":[{"bmp":"PIA.png","count":4,"handle x":48,"handle y":40,"w":96}],"id":"PIA fly","price":50000,"speed":1.1,"title":"Pakistan International Airlines[zh]巴基斯坦国际航空[ru]Пакистанские международные авиалинии","type":"airplane","text":"PIA Pakistan International Arilines plane for your airport.[zh]巴基斯坦国际航空的飞机。[ru]Самолет Пакистанских международных авиалиний"}]