[{
"author":"ANS",
"category":"planes deco",
"draw ground":true,
"frames":[{"bmp":"PIA.png","count":4,"w":"96"}],"height":3,"id":"PIA Airlines",
"rotation aware":true,
"text":" PIA Pakistan International Airlines plane for your airport.[zh]巴基斯坦国际航空公司的飞机。[ru]Самолет Пакистанских международных авиалиний",
"title":"Pakistan International Arilines[zh]巴基斯坦国际航空[ru]Пакистанские международные авиалинии",
"type":"decoration",
"width":3}]