[{"capacity":120,"fly height":310,"frames":[{"bmp":"Concorde E.png","count":4,"handle x":48,"handle y":40,"w":96}],"id":"$Concorde05","price":550000,"speed":6,"text":"The Concorde, jointly developed by French Aerospace and British Aircraft Companies, is one of the few supersonic airliners in the world that have been commercially used.[zh]协和式飞机由法国宇航和英国飞机公司联合研制，是世界上少数曾投入商业使用的超音速客机。","title":"Concorde British Airways[zh]协和式飞机英国航空","type":"airplane"}]