[{
"author":"Anssss and DongWu",
"category":"$cat_airport00",
"draw ground":true,
"frames":[{"bmp":"Concorde E.png","count":4,"w":"96"}],"height":3,"id":"$Concorde ED00",
"rotation aware":true,
"text":"The Concorde, jointly developed by French Aerospace and British aircraft companies, is one of the few supersonic airliners in the world that have been commercially used.[zh]协和式飞机由法国宇航和英国飞机公司联合研制，是世界上少数曾投入商业使用的超音速客机。",
"title":"Concorde British Airways[zh]协和式飞机英国航空",
"type":"decoration",
"width":3}]