[
  {
    "id": "fireonc",
    "type": "animation",
    "author": "",
    "frames": [
      {
        "bmp": "C fire.png", "w":" 32","count":32
      }],
    "speed": 1.0
  },
  {
    "author": "",
    "frames": [
      {
        "bmp": "Concorde P.png",
        "w": "96",
        "count": 4.0
      }
    ],
    "smoke":[{"id":"$qualm00","x":45,"y":2.5}],
        "animation": [
      {
        "id": "fireonc",
        "x":30.0,
        "y":-30.0
      }
    ],
    "height": 3,
    "id": "burningconcordd",
    "text": "May the heaven has no plane-crashed.[zh]愿天堂没有坠机。",
    "title": "Crashed Concorde[zh]坠毁的协和式飞机",
    "type": "decoration",
    "width": 3.0,
    "rotation aware": true,
    "draw ground": true,
    "category": "$cat_airport00"
  }
]