[
	{
	"id": "$timessquare.02.light_00",
	"type": "animation",
	"frames": [{"bmp":"timessquare_02_light.png"}],
	"light": true,
	"light switching": true
	},
	{
	"id": "$timessquare.02.billb_00",
	"type": "animation",
	"frames": [{"bmp":"timessquare_02_billb.png","w":48,"h":116,"count":8}],
	"handle interpolation": 5,
	"light": true
	},
	{
	"id": "$timessquare.02_00",
	"title": "02",
	"type": "commercial",
	"author": "JohnSallow",
	"width": 4,
	"height": 4,
	"frames": [{"bmp":"timessquare_02.png"}],
	"animation": [{"id":"$timessquare.02.light_00","x":0,"y":-103},{"id":"$timessquare.02.billb_00","x":54,"y":-97}],
	"level": 3
	}
]