[
	{
	"id": "$timessquare.04.light_00",
	"type": "animation",
	"frames": [{"bmp":"timessquare_04_light.png"}],
	"light": true,
	"light switching": true
	},
	{
	"id": "$timessquare.04.billb_00",
	"type": "animation",
	"frames": [{"bmp":"timessquare_04_billb.png","w":86,"h":65,"count":8}],
	"handle interpolation": 5,
	"light": true
	},
	{
	"id": "$timessquare.04_00",
	"title": "04",
	"type": "commercial",
	"author": "JohnSallow",
	"width": 4,
	"height": 4,
	"frames": [{"bmp":"timessquare_04.png"}],
	"animation": [{"id":"$timessquare.04.light_00","x":0,"y":-81},{"id":"$timessquare.04.billb_00","x":21,"y":-49}],
	"level": 3
	}
]