[
	{
	"id": "$timessquare.03.light_00",
	"type": "animation",
	"frames": [{"bmp":"timessquare_03_light.png"}],
	"light": true,
	"light switching": true
	},
	{
	"id": "$timessquare.03.billb_00",
	"type": "animation",
	"frames": [{"bmp":"timessquare_03_billb.png","w":18,"h":19,"count":6}],
	"handle interpolation": 5,
	"light": true
	},
	{
	"id": "$timessquare.03_00",
	"title": "03",
	"type": "commercial",
	"author": "JohnSallow",
	"width": 3,
	"height": 3,
	"frames": [{"bmp":"timessquare_03.png"}],
	"animation": [{"id":"$timessquare.03.light_00","x":2,"y":-146},{"id":"$timessquare.03.billb_00","x":39,"y":-27}],
	"level": 3
	}
]