[{"capacity":390,"fly height":240,"frames":[{"bmp":"KLM.png","count":4,"handle x":48,"handle y":40,"w":96}],"id":"KLM Airlinesfly","price":50000,"speed":1.3,"title":"KLM Royal Dutch Airlines[zh]荷兰皇家航空[ru]Королевские Нидерланды авиакомпания","type":"airplane","text":"KLM Royal Dutch Arilines plane for your airport.KLM is the earliest airline company in the world.[zh]荷兰皇家航空的飞机。荷兰皇家航空（KLM）是世界上最早的航空公司。[ru]Королевские Нидерланды авиакомпания самолет"}]