[{
"author":"ANS",
"category":"planes deco",
"draw ground":true,
"frames":[{"bmp":"KLM.png","count":4,"w":"96"}],"height":3,"id":"KLM Airlines",
"rotation aware":true,
"text":"KLM Royal Dutch Arilines plane for your airport.KLM is the earliest airline company in the world.[zh]荷兰皇家航空公司的飞机。荷兰皇家航空公司（KLM）是世界上最早的航空公司。[ru]Королевские Нидерланды авиакомпания самолет",
"title":"KLM Royal Dutch Airlines[zh]荷兰皇家航空[ru]Королевские Нидерланды авиакомпания",
"type":"decoration",
"width":3}]